symbol,direction,entry_time,entry_price,stop,target,shares,risk,exit_time,exit_price,pnl,capital
AAPL,1,2026-06-15 13:30:00+00:00,295.67999267578125,293.5861248779297,299.86772827148434,23.879253528471814,50.0,2026-06-15 13:30:00+00:00,293.5861248779297,-50.0,9950.0
AAPL,1,2026-06-16 15:30:00+00:00,298.94000244140625,296.6030939025879,303.613819519043,21.28880919967695,49.75,2026-06-17 16:30:00+00:00,296.6030939025879,-49.75,9900.25
AAPL,-1,2026-07-23 19:30:00+00:00,321.6099853515625,322.54261834716795,319.7447193603516,53.07688043769549,49.50125,2026-07-24 13:30:00+00:00,322.54261834716795,-49.50125,9850.74875
AAPL,1,2026-08-06 19:30:00+00:00,312.45001220703125,311.3964827270508,314.55707116699216,46.75117752842927,49.253743750000005,2026-08-07 13:30:00+00:00,311.3964827270508,-49.253743750000005,9801.495006250001
AAPL,1,2026-08-31 13:30:00+00:00,315.7099914550781,315.1145626831055,316.9008489990234,82.30619234083827,49.00747503125001,2026-08-31 13:30:00+00:00,316.9008489990234,98.01495006250002,9899.5099563125
AAPL,1,2026-09-03 16:30:00+00:00,327.7300109863281,326.7279376831055,329.7341575927734,49.395138681352186,49.497549781562505,2026-09-03 16:30:00+00:00,329.7341575927734,98.99509956312501,9998.505055875625
AAPL,-1,2026-09-10 14:30:00+00:00,323.7099914550781,324.434095336914,322.2617836914063,69.04054312293768,49.99252527937813,2026-09-10 14:30:00+00:00,322.2617836914063,99.98505055875626,10098.490106434381
HD,1,2026-07-17 17:30:00+00:00,339.7699890136719,338.99565646362305,341.3186541137695,64.57173987693952,50.0,2026-07-17 17:30:00+00:00,341.3186541137695,100.0,10100.0
HD,1,2026-08-07 17:30:00+00:00,353.5199890136719,353.07656268310546,354.4068416748047,113.88588479961003,50.5,2026-08-07 18:30:00+00:00,354.4068416748047,101.0,10201.0
HD,1,2026-08-11 15:30:00+00:00,356.69000244140625,356.09356219482424,357.88288293457026,85.51569129060645,51.005,2026-08-11 15:30:00+00:00,356.09356219482424,-51.004999999999995,10149.995
HD,1,2026-09-23 13:30:00+00:00,300.2699890136719,299.45025,301.90946704101566,61.909917856261906,50.749975000000006,2026-09-23 13:30:00+00:00,301.90946704101566,101.49995000000001,10251.49495
LLY,-1,2026-06-16 13:30:00+00:00,1129.75,1144.1530197753905,1100.943960449219,3.471494226886491,50.0,2026-06-16 13:30:00+00:00,1144.1530197753905,-50.0,9950.0
LLY,-1,2026-06-18 13:30:00+00:00,1100.8499755859375,1116.6154999999999,1069.3189267578127,3.15561973667203,49.75,2026-06-18 13:30:00+00:00,1116.6154999999999,-49.75,9900.25
LLY,1,2026-06-29 17:30:00+00:00,1225.1817626953125,1209.6690029296874,1256.2072822265627,3.191002165178266,49.50125,2026-06-30 13:30:00+00:00,1209.6690029296874,-49.50125,9850.74875
LLY,-1,2026-07-06 14:30:00+00:00,1202.969970703125,1204.346209472656,1200.217493164063,35.78866170641587,49.253743750000005,2026-07-06 14:30:00+00:00,1204.346209472656,-49.253743750000005,9801.495006250001
LLY,-1,2026-08-05 13:30:00+00:00,1156.1949462890625,1215.4642499999998,1037.656338867188,0.8268609881139267,49.00747503125001,2026-08-05 13:30:00+00:00,1215.4642499999998,-49.00747503125001,9752.48753121875
LLY,1,2026-08-07 13:30:00+00:00,1190.298095703125,1167.831,1235.2322871093752,2.1703934634199764,48.76243765609375,2026-08-07 13:30:00+00:00,1167.831,-48.762437656093745,9703.725093562656
LLY,-1,2026-08-25 15:30:00+00:00,1253.3499755859375,1257.7064011230468,1244.6371245117189,11.13725577414725,48.51862546781328,2026-08-25 15:30:00+00:00,1257.7064011230468,-48.51862546781328,9655.206468094842
LLY,-1,2026-08-31 13:30:00+00:00,1151.260009765625,1172.8816708984373,1108.0166875000004,2.2327624156134886,48.27603234047422,2026-09-01 13:30:00+00:00,1172.8816708984373,-48.276032340474224,9606.930435754368
LLY,1,2026-09-16 18:30:00+00:00,1134.8499755859375,1130.3085014648439,1143.9329238281248,10.576885587802163,48.03465217877184,2026-09-17 13:30:00+00:00,1143.9329238281248,96.06930435754369,9702.99974011191
LLY,1,2026-09-18 17:30:00+00:00,1151.31494140625,1146.8120009765626,1160.3208222656249,10.774070734026362,48.51499870055955,2026-09-18 17:30:00+00:00,1146.8120009765626,-48.51499870055956,9654.484741411352
LLY,1,2026-09-21 15:30:00+00:00,1157.239990234375,1155.843,1160.0339707031249,34.554589229935424,48.27242370705676,2026-09-21 15:30:00+00:00,1160.0339707031249,96.54484741411352,9751.029588825466
LLY,1,2026-09-24 19:30:00+00:00,1183.0899658203125,1179.349499267578,1190.5708989257814,13.034509801587445,48.75514794412733,2026-09-24 19:30:00+00:00,1190.5708989257814,97.51029588825466,9848.53988471372
MCD,1,2026-06-12 16:30:00+00:00,287.07501220703125,285.96375,289.29753662109374,44.99388144727408,50.0,2026-06-12 18:30:00+00:00,285.96375,-50.0,9950.0
MCD,-1,2026-07-16 13:30:00+00:00,268.239990234375,268.8185377807617,267.0828951416016,85.99120385301623,49.75,2026-07-16 13:30:00+00:00,268.8185377807617,-49.75,9900.25
MCD,-1,2026-07-22 14:30:00+00:00,263.44500732421875,264.4742014465332,261.3866190795899,48.097097453959734,49.50125,2026-07-22 15:30:00+00:00,264.4742014465332,-49.50125,9850.74875
MCD,-1,2026-08-14 15:30:00+00:00,273.7099914550781,274.56429855346676,272.00137725830086,57.65344083281173,49.253743750000005,2026-08-14 15:30:00+00:00,274.56429855346676,-49.253743750000005,9801.495006250001
MCD,-1,2026-09-09 19:30:00+00:00,253.52999877929688,254.53427877807616,251.5214387817383,48.79861701001649,49.00747503125001,2026-09-09 19:30:00+00:00,254.53427877807616,-49.00747503125001,9752.48753121875
MCD,-1,2026-09-16 15:30:00+00:00,251.94000244140625,252.7925332794189,250.23494076538094,57.19727132658859,48.76243765609375,2026-09-16 18:30:00+00:00,250.23494076538094,97.5248753121875,9850.012406530937
MCD,-1,2026-09-21 14:30:00+00:00,247.98500061035156,248.34810610961912,247.25878961181644,135.63568200426454,49.25006203265469,2026-09-21 14:30:00+00:00,247.25878961181644,98.50012406530936,9948.512530596247
MCD,-1,2026-09-28 13:30:00+00:00,236.1999969482422,237.27703327941893,234.0459242858887,46.184665468651154,49.742562652981235,2026-09-28 13:30:00+00:00,237.27703327941893,-49.742562652981235,9898.769967943264
